{
  "RandomForest": {
    "model_name": "RandomForest",
    "accuracy": 0.9,
    "precision": 0.8921568627450981,
    "recall": 0.91,
    "f1_score": 0.900990099009901,
    "roc_auc": 0.9724,
    "training_time": 0.206648588180542,
    "prediction_time": 0.05521726608276367
  },
  "XGBoost": {
    "model_name": "XGBoost",
    "accuracy": 0.89,
    "precision": 0.8679245283018868,
    "recall": 0.92,
    "f1_score": 0.8932038834951457,
    "roc_auc": 0.9702999999999999,
    "training_time": 0.1032719612121582,
    "prediction_time": 0.0025217533111572266
  },
  "GradientBoosting": {
    "model_name": "GradientBoosting",
    "accuracy": 0.91,
    "precision": 0.8942307692307693,
    "recall": 0.93,
    "f1_score": 0.9117647058823529,
    "roc_auc": 0.9724,
    "training_time": 0.4338061809539795,
    "prediction_time": 0.0030014514923095703
  },
  "LogisticRegression": {
    "model_name": "LogisticRegression",
    "accuracy": 0.93,
    "precision": 0.8981481481481481,
    "recall": 0.97,
    "f1_score": 0.9326923076923077,
    "roc_auc": 0.9867,
    "training_time": 0.017506837844848633,
    "prediction_time": 0.0
  },
  "SVM": {
    "model_name": "SVM",
    "accuracy": 0.895,
    "precision": 0.8691588785046729,
    "recall": 0.93,
    "f1_score": 0.8985507246376812,
    "roc_auc": 0.9804,
    "training_time": 0.08428263664245605,
    "prediction_time": 0.020887374877929688
  },
  "DecisionTree": {
    "model_name": "DecisionTree",
    "accuracy": 0.87,
    "precision": 0.8936170212765957,
    "recall": 0.84,
    "f1_score": 0.865979381443299,
    "roc_auc": 0.87,
    "training_time": 0.00766301155090332,
    "prediction_time": 0.0020127296447753906
  }
}